{"stats":{"minecraft:killed":{"minecraft:cave_spider":5,"iceandfire:hippogryph":2,"minecraft:witch":4,"minecraft:spider":29,"alexsmobs:shoebill":1,"iceandfire:stymphalian_bird":3,"minecraft:skeleton":64,"artifacts:mimic":1,"minecraft:wolf":1,"minecraft:creeper":23,"minecraft:sheep":8,"minecraft:pillager":15,"minecraft:zombie":88,"minecraft:stray":9,"alexsmobs:fly":2,"iceandfire:pixie":1,"minecraft:cow":18,"mca:female_zombie_villager":1,"minecraft:vindicator":3,"minecraft:slime":2,"iceandfire:siren":1,"alexsmobs:cockroach":1,"iceandfire:ghost":9,"alexsmobs:moose":2,"iceandfire:ice_dragon":1,"alexsmobs:crow":5,"minecraft:enderman":3},"minecraft:crafted":{"minecraft:oak_planks":516,"minecraft:cooked_mutton":4,"iceandfire:armor_silver_metal_chestplate":1,"minecraft:iron_boots":1,"iceandfire:armor_silver_metal_leggings":1,"minecraft:stone_hoe":1,"minecraft:smoker":1,"minecraft:oak_slab":378,"sophisticatedbackpacks:backpack":1,"minecraft:crafting_table":50,"minecraft:spruce_planks":964,"minecraft:iron_helmet":1,"minecraft:wooden_pickaxe":1,"minecraft:baked_potato":280,"minecraft:diamond_pickaxe":1,"minecraft:iron_chestplate":1,"minecraft:shield":1,"minecraft:stick":240,"quark:oak_chest":4,"minecraft:iron_ingot":367,"minecraft:iron_pickaxe":24,"minecraft:iron_block":3,"minecraft:gold_ingot":30,"iceandfire:dragon_horn":1,"iceandfire:stymphalian_feather_bundle":1,"minecraft:composter":1,"iceandfire:silver_sword":3,"minecraft:shears":1,"minecraft:golden_carrot":28,"minecraft:oak_door":3,"minecraft:fishing_rod":3,"mowziesmobs:naga_fang_dagger":1,"iceandfire:dragon_stick":1,"minecraft:furnace":7,"iceandfire:dragon_flute":1,"minecraft:bone_meal":186,"minecraft:spruce_stairs":4,"minecraft:iron_axe":4,"minecraft:stone_pickaxe":1,"quark:spruce_chest":6,"minecraft:wheat":54,"sophisticatedbackpacks:iron_backpack":3,"minecraft:cooked_beef":11,"minecraft:coal_block":2,"minecraft:red_dye":5,"minecraft:cooked_cod":8,"iceandfire:silver_ingot":27,"alexsmobs:cooked_moose_ribs":3,"minecraft:cooked_salmon":7,"tombstone:ankh_of_pray":1,"minecraft:bucket":3,"minecraft:stone_axe":1,"minecraft:bread":41,"minecraft:air":0,"minecraft:golden_apple":1,"minecraft:gold_nugget":279,"minecraft:iron_shovel":5,"minecraft:iron_leggings":1,"minecraft:anvil":1,"minecraft:white_bed":6,"minecraft:torch":664,"mca:wedding_ring":1},"minecraft:broken":{"minecraft:iron_shovel":2,"minecraft:golden_shovel":1,"minecraft:stone_pickaxe":1,"minecraft:stone_axe":1,"minecraft:leather_helmet":1,"iceandfire:armor_silver_metal_leggings":1,"minecraft:leather_chestplate":1,"minecraft:iron_axe":2,"minecraft:iron_pickaxe":12,"minecraft:iron_helmet":1},"minecraft:dropped":{"sophisticatedbackpacks:iron_backpack":2,"iceandfire:troll_weapon_column_forest":3,"minecraft:iron_sword":4,"minecraft:brown_mushroom":2,"minecraft:cooked_beef":10,"minecraft:baked_potato":93,"minecraft:golden_pickaxe":1,"minecraft:ender_pearl":6,"minecraft:diamond":1,"minecraft:crafting_table":85,"quark:marble":6,"minecraft:crossbow":1,"iceandfire:frozen_dirt":2,"minecraft:leather":2,"minecraft:cracked_stone_bricks":1,"iceandfire:gorgon_head":1,"artifacts:flippers":1,"minecraft:red_mushroom":3,"iceandfire:graveyard_soil":10,"minecraft:cod":2,"minecraft:dirt":399,"minecraft:grass":2,"tconstruct:materials_and_you":1,"minecraft:mutton":2,"iceandfire:armor_silver_metal_leggings":1,"minecraft:snowball":151,"quark:cobbled_deepslate":160,"minecraft:chain":4,"minecraft:gold_nugget":4,"minecraft:sand":65,"tconstruct:sky_slime_ball":128,"minecraft:iron_pickaxe":14,"minecraft:white_wool":21,"minecraft:bone":32,"minecraft:gravel":1,"iceandfire:stymphalian_bird_feather":25,"minecraft:sugar_cane":2,"minecraft:iron_nugget":1,"alexsmobs:animal_dictionary":1,"minecraft:wheat":1,"tconstruct:sky_slime_sapling":3,"tombstone:gift":1,"minecraft:rotten_flesh":55,"iceandfire:frozen_stone":29,"minecraft:glowstone_dust":1,"minecraft:azure_bluet":1,"minecraft:honey_bottle":4,"evilcraft:flesh_humanoid":2,"iceandfire:copper_ore":5,"minecraft:carrot":1,"minecraft:tipped_arrow":1,"minecraft:gunpowder":5,"minecraft:leather_boots":2,"minecraft:chainmail_boots":1,"iceandfire:pixie_dust":1,"minecraft:spruce_slab":3,"tetra:modular_double":1,"minecraft:iron_ore":3,"minecraft:beef":2,"mca:book_rose_gold":1,"iceandfire:manuscript":12,"farmersdelight:tomato_seeds":1,"minecraft:iron_ingot":30,"minecraft:bread":67,"minecraft:wheat_seeds":26,"minecraft:tnt":1,"minecraft:poisonous_potato":2,"minecraft:prismarine_shard":2,"minecraft:feather":2,"minecraft:cobblestone":72,"minecraft:prismarine_crystals":4,"iceandfire:dragon_stick":1,"minecraft:apple":3,"minecraft:coal":62,"minecraft:golden_apple":2,"quark:slate":1,"tombstone:ankh_of_pray":1,"iceandfire:dragon_flute":3,"minecraft:stick":24,"minecraft:pufferfish":2,"minecraft:cobweb":19,"minecraft:golden_carrot":4,"iceandfire:copper_nugget":4,"minecraft:torch":151,"iceandfire:silver_sword":5,"minecraft:rose_bush":1,"tconstruct:copper_ore":1,"minecraft:cooked_salmon":3,"iceandfire:armor_silver_metal_chestplate":1,"tombstone:grave_dust":17,"minecraft:potion":1,"minecraft:iron_leggings":1,"minecraft:heart_of_the_sea":1,"minecraft:white_banner":1,"minecraft:iron_axe":3,"minecraft:red_dye":5,"minecraft:string":12,"iceandfire:frozen_cobblestone":42,"minecraft:spruce_sapling":8,"minecraft:dandelion":1,"iceandfire:silver_nugget":20,"minecraft:bricks":6,"minecraft:kelp":4,"alexsmobs:maggot":3,"minecraft:stone_sword":4,"tetra:geode":7,"tconstruct:skyroot_log":39,"farmersdelight:cabbage_seeds":2,"iceandfire:dragonegg_blue":1,"minecraft:clay_ball":28,"minecraft:shears":1,"minecraft:filled_map":4,"quark:smooth_basalt":6,"minecraft:potato":3,"minecraft:shield":1,"minecraft:spruce_planks":27,"minecraft:iron_chestplate":1,"minecraft:andesite":288,"minecraft:oak_boat":1,"minecraft:oak_sapling":2,"minecraft:spider_eye":13,"minecraft:stone_bricks":3,"minecraft:sandstone":27,"minecraft:spruce_log":11,"artifacts:cross_necklace":1,"minecraft:stone_pickaxe":8,"minecraft:wooden_pickaxe":1,"minecraft:red_tulip":2},"minecraft:custom":{"minecraft:animals_bred":1,"minecraft:interact_with_crafting_table":182,"minecraft:open_barrel":15,"minecraft:bell_ring":2,"minecraft:leave_game":17,"minecraft:time_since_death":71759,"minecraft:sprint_one_cm":2961190,"minecraft:damage_blocked_by_shield":1970,"minecraft:drop":903,"minecraft:talked_to_villager":2,"minecraft:deaths":40,"tombstone:tomb_raiding":1,"minecraft:jump":18694,"minecraft:walk_on_water_one_cm":249178,"minecraft:interact_with_furnace":233,"minecraft:play_record":4,"minecraft:play_one_minute":1044442,"minecraft:sleep_in_bed":42,"minecraft:damage_dealt":73292,"minecraft:player_kills":8,"minecraft:crouch_one_cm":123994,"tombstone:undead_killed":101,"minecraft:interact_with_smoker":46,"minecraft:horse_one_cm":379,"minecraft:interact_with_anvil":4,"minecraft:mob_kills":368,"minecraft:damage_dealt_resisted":150,"minecraft:climb_one_cm":22958,"minecraft:walk_one_cm":2657983,"minecraft:sneak_time":32994,"minecraft:walk_under_water_one_cm":261659,"minecraft:boat_one_cm":14221,"tombstone:raider_killed":19,"minecraft:pot_flower":1,"minecraft:raid_trigger":1,"minecraft:time_since_rest":71496,"minecraft:damage_taken":2147483647,"minecraft:trigger_trapped_chest":10,"tombstone:cast_on_ally":3,"minecraft:swim_one_cm":251379,"minecraft:fly_one_cm":3922890,"minecraft:open_chest":340,"minecraft:fish_caught":26,"minecraft:fall_one_cm":487403},"minecraft:used":{"mahoutsukai:mahoujin_projector":1,"minecraft:iron_shovel":670,"quark:cobbled_deepslate":26,"iceandfire:dragon_skull_ice":4,"minecraft:spruce_slab":12,"minecraft:poppy":8,"minecraft:shield":81,"minecraft:iron_sword":267,"minecraft:grass":2,"minecraft:rotten_flesh":41,"minecraft:mutton":2,"minecraft:carrot":89,"iceandfire:frozen_stone":11,"minecraft:snowball":67,"minecraft:honey_bottle":8,"minecraft:bricks":6,"minecraft:grass_block":2,"mowziesmobs:naga_fang_dagger":1,"minecraft:birch_sapling":2,"iceandfire:ghost_chest":5,"quark:blue_blossom_sapling":1,"minecraft:stone_bricks":3,"quark:smooth_basalt":8,"minecraft:bow":18,"minecraft:oak_sapling":7,"minecraft:sweet_berries":15,"minecraft:furnace":12,"minecraft:cooked_cod":11,"minecraft:egg":1,"minecraft:potato":175,"iceandfire:pixie_jar_empty":1,"minecraft:stone_pickaxe":179,"minecraft:oak_planks":101,"minecraft:wooden_pickaxe":3,"minecraft:sugar_cane":4,"minecraft:sandstone":17,"quark:music_disc_crickets":4,"minecraft:composter":1,"minecraft:white_wool":1,"minecraft:sand":1,"tetra:modular_double":1,"minecraft:crossbow":59,"minecraft:shears":3,"sophisticatedbackpacks:backpack":2,"minecraft:bread":88,"tombstone:grave_key":1,"minecraft:polished_granite":2,"minecraft:gravel":16,"minecraft:pufferfish":2,"alexsmobs:cooked_moose_ribs":3,"minecraft:fire_charge":3,"minecraft:andesite":8,"minecraft:poisonous_potato":1,"iceandfire:troll_weapon_column_forest":139,"minecraft:bone_meal":194,"minecraft:golden_pickaxe":45,"sophisticatedbackpacks:iron_backpack":8,"iceandfire:silver_sword":438,"minecraft:spruce_planks":563,"minecraft:cooked_salmon":6,"minecraft:stone_hoe":44,"minecraft:oak_door":6,"minecraft:torch":823,"minecraft:dirt":301,"minecraft:anvil":1,"minecraft:spruce_stairs":8,"tetra:scroll_rolled":5,"minecraft:golden_shovel":32,"minecraft:spruce_fence":1,"alexsmobs:maggot":1,"tombstone:ankh_of_pray":72,"quark:spruce_chest":6,"minecraft:iron_axe":716,"quark:slate":3,"carryon:entity_item":8,"evilcraft:flesh_humanoid":1,"minecraft:golden_carrot":12,"minecraft:beef":4,"tconstruct:sky_slime_bucket":8,"tombstone:gift":8,"minecraft:cooked_beef":1,"minecraft:wheat_seeds":75,"minecraft:cooked_mutton":7,"minecraft:water_bucket":119,"minecraft:birch_planks":2,"minecraft:baked_potato":149,"minecraft:terracotta":1,"minecraft:rail":1,"minecraft:tnt":45,"minecraft:oak_slab":325,"minecraft:crafting_table":95,"minecraft:white_bed":19,"minecraft:cod":1,"tombstone:bag_of_seeds":1,"minecraft:spruce_log":31,"minecraft:smoker":2,"tconstruct:sky_slime_dirt":4,"minecraft:oak_log":19,"minecraft:flower_pot":1,"iceandfire:dragonegg_black":1,"minecraft:apple":17,"minecraft:iron_pickaxe":3495,"minecraft:stone_axe":116,"iceandfire:dragon_horn":2,"tombstone:magic_scroll":2,"minecraft:spruce_sapling":112,"quark:root_item":35,"minecraft:cobblestone":968,"minecraft:fishing_rod":46,"minecraft:potion":1,"minecraft:white_banner":1,"minecraft:cooked_porkchop":1,"minecraft:bucket":130,"minecraft:yellow_bed":6,"quark:oak_chest":7,"minecraft:wither_rose":2,"minecraft:dandelion":1,"minecraft:jukebox":2},"minecraft:killed_by":{"minecraft:creeper":8,"minecraft:ravager":1,"minecraft:drowned":1,"iceandfire:stymphalian_bird":1,"minecraft:vindicator":1,"iceandfire:ice_dragon":4,"minecraft:player":2,"minecraft:wolf":3,"minecraft:stray":1,"iceandfire:hydra":2,"mowziesmobs:ferrous_wroughtnaut":3,"minecraft:skeleton":6,"iceandfire:ghost":2,"iceandfire:troll":1},"minecraft:mined":{"minecraft:spruce_planks":62,"minecraft:white_bed":13,"minecraft:grass_block":361,"sophisticatedbackpacks:iron_backpack":1,"minecraft:spawner":7,"minecraft:tall_seagrass":2,"minecraft:iron_ore":294,"minecraft:fire":3,"create:copper_ore":1,"minecraft:azure_bluet":1,"minecraft:potted_dandelion":1,"iceandfire:gold_pile":3,"minecraft:iron_bars":1,"tconstruct:sky_slime_fern":1,"minecraft:spruce_slab":4,"tconstruct:sky_sky_slime_grass":4,"tetra:scroll_rolled":5,"minecraft:smoker":2,"minecraft:clay":4,"iceandfire:dragon_ice_spikes":9,"minecraft:torch":57,"minecraft:poppy":11,"quark:stone_speleothem":1,"iceandfire:ghost_chest":6,"minecraft:cobblestone":80,"minecraft:oak_planks":9,"minecraft:sugar_cane":5,"minecraft:bricks":11,"minecraft:wall_torch":46,"minecraft:skeleton_skull":1,"minecraft:seagrass":1,"quark:marble":6,"minecraft:wheat":76,"minecraft:jukebox":3,"minecraft:tnt":1,"minecraft:wither_rose":2,"minecraft:grass":436,"minecraft:oak_log":158,"minecraft:dirt":331,"minecraft:sand":49,"minecraft:oak_leaves":111,"minecraft:diamond_ore":8,"iceandfire:silver_ore":15,"minecraft:dark_oak_leaves":1,"minecraft:oak_door":3,"tetra:block_geode":4,"farmersdelight:wild_carrots":1,"mahoutsukai:mahoujin_projector":4,"iceandfire:frozen_cobblestone":6,"quark:cobbled_deepslate":3,"iceandfire:frozen_stone":7,"minecraft:spruce_leaves":411,"minecraft:sandstone":44,"minecraft:large_fern":13,"minecraft:hay_block":6,"minecraft:redstone_ore":10,"minecraft:spruce_sapling":1,"minecraft:furnace":8,"minecraft:carrots":24,"iceandfire:copper_ore":1,"minecraft:snow":142,"minecraft:andesite":689,"quark:smooth_basalt":8,"minecraft:potatoes":115,"minecraft:vine":3,"minecraft:rail":1,"minecraft:stone":1777,"tconstruct:earth_congealed_slime":39,"sophisticatedbackpacks:backpack":1,"minecraft:white_wool":1,"tconstruct:copper_ore":1,"iceandfire:pixie_jar_empty":1,"minecraft:oak_slab":15,"tconstruct:sky_slime_tall_grass":3,"quark:oak_chest":3,"minecraft:dandelion":2,"minecraft:polished_granite":2,"minecraft:crafting_table":52,"minecraft:rose_bush":1,"minecraft:tall_grass":53,"minecraft:lapis_ore":4,"tconstruct:sky_slime_leaves":14,"minecraft:spruce_stairs":3,"minecraft:birch_planks":3,"minecraft:sweet_berry_bush":5,"minecraft:ice":27,"minecraft:spruce_log":343,"minecraft:birch_leaves":7,"minecraft:grass_path":5,"minecraft:yellow_bed":6,"quark:deepslate":319,"iceandfire:silver_pile":1,"evilcraft:blood_stain":1,"minecraft:coal_ore":273,"quark:spruce_chest":1,"minecraft:gravel":44,"minecraft:cobweb":3,"minecraft:cracked_stone_bricks":1,"minecraft:terracotta":1,"minecraft:stone_bricks":3,"minecraft:gold_ore":11,"minecraft:fern":5,"tconstruct:sky_congealed_slime":36,"quark:root":84},"minecraft:picked_up":{"minecraft:iron_chestplate":5,"minecraft:wheat":86,"minecraft:chainmail_boots":1,"minecraft:flower_pot":1,"iceandfire:copper_ore":11,"minecraft:prismarine_shard":2,"minecraft:lead":2,"minecraft:enchanted_book":3,"minecraft:wither_rose":6,"minecraft:potion":1,"minecraft:golden_shovel":1,"minecraft:infested_stone":25,"iceandfire:armor_silver_metal_chestplate":8,"iceandfire:manuscript":41,"minecraft:string":79,"minecraft:iron_leggings":5,"minecraft:pufferfish":6,"minecraft:gold_nugget":53,"minecraft:bucket":1,"minecraft:spruce_planks":263,"minecraft:rose_bush":1,"minecraft:iron_pickaxe":29,"quark:root_item":42,"minecraft:iron_boots":6,"minecraft:furnace":7,"minecraft:tipped_arrow":4,"iceandfire:pixie_dust":1,"minecraft:stick":190,"iceandfire:ghost_chest":8,"minecraft:jukebox":3,"minecraft:oak_fence":4,"minecraft:torch":843,"minecraft:spruce_stairs":4,"iceandfire:silver_ore":35,"tombstone:grave_dust":26,"iceandfire:troll_weapon_column_forest":5,"minecraft:stone_sword":6,"minecraft:rotten_flesh":134,"minecraft:red_tulip":3,"minecraft:iron_bars":1,"minecraft:snowball":325,"minecraft:cod":15,"quark:marble":12,"minecraft:cobblestone":4570,"minecraft:leather_chestplate":1,"minecraft:feather":2,"minecraft:lilac":2,"minecraft:water_bucket":18,"minecraft:andesite":2029,"minecraft:smoker":1,"minecraft:potato":473,"minecraft:flint":13,"evilcraft:flesh_humanoid":2,"minecraft:lapis_lazuli":27,"minecraft:dirt":1043,"artifacts:flippers":1,"minecraft:polished_granite":2,"artifacts:shock_pendant":1,"minecraft:leather_boots":4,"minecraft:bone":173,"tetra:scroll_rolled":5,"create:copper_ore":3,"minecraft:bow":6,"minecraft:wheat_seeds":264,"minecraft:glowstone_dust":1,"tconstruct:sky_slime_sapling":3,"minecraft:oak_planks":474,"tetra:modular_double":1,"minecraft:poisonous_potato":7,"mahoutsukai:mahoujin_projector":1,"iceandfire:shiny_scales":15,"minecraft:sand":66,"iceandfire:stymphalian_bird_feather":32,"sophisticatedbackpacks:iron_backpack":4,"minecraft:grass_block":5,"iceandfire:frozen_dirt":2,"alexsmobs:animal_dictionary":6,"quark:cobbled_deepslate":416,"minecraft:diamond":9,"minecraft:crossbow":1,"minecraft:grass":4,"minecraft:bone_meal":8,"alexsmobs:moose_ribs":3,"alexsmobs:maggot":4,"minecraft:bread":20,"iceandfire:gorgon_head":1,"minecraft:oak_sapling":11,"iceandfire:silver_nugget":2,"minecraft:bricks":12,"iceandfire:copper_ingot":2,"minecraft:cocoa_beans":4,"minecraft:fishing_rod":11,"minecraft:crafting_table":137,"minecraft:azure_bluet":1,"minecraft:clay_ball":82,"minecraft:golden_pickaxe":1,"minecraft:brown_mushroom":4,"tconstruct:materials_and_you":2,"tconstruct:skyroot_log":39,"mca:book_rose_gold":6,"iceandfire:frozen_cobblestone":19,"minecraft:chain":4,"minecraft:shield":17,"iceandfire:frozen_stone":21,"minecraft:iron_axe":5,"minecraft:iron_shovel":3,"iceandfire:graveyard_soil":10,"minecraft:cracked_stone_bricks":1,"quark:spruce_chest":1,"minecraft:beef":34,"iceandfire:armor_silver_metal_leggings":9,"minecraft:poppy":16,"minecraft:spruce_slab":6,"minecraft:sugar_cane":6,"minecraft:birch_sapling":2,"minecraft:egg":1,"tombstone:ankh_of_pray":1,"minecraft:sandstone":44,"iceandfire:dragonbone":22,"minecraft:oak_door":3,"evilcraft:origins_of_darkness":1,"sophisticatedbackpacks:backpack":3,"minecraft:spruce_fence":1,"minecraft:fire_charge":3,"farmersdelight:tomato_seeds":4,"tconstruct:sky_slime_dirt":4,"minecraft:carrot":115,"minecraft:redstone":36,"minecraft:prismarine_crystals":8,"iceandfire:dragon_skull_ice":5,"minecraft:tnt":33,"iceandfire:silver_ingot":11,"tconstruct:sky_slime_ball":145,"minecraft:arrow":159,"minecraft:cooked_cod":2,"quark:smooth_basalt":37,"minecraft:shears":1,"minecraft:hay_block":6,"artifacts:cross_necklace":1,"minecraft:gold_ingot":17,"minecraft:mutton":26,"minecraft:skeleton_skull":5,"minecraft:white_wool":40,"minecraft:bone_block":14,"minecraft:rail":3,"quark:slate":4,"minecraft:salmon":11,"minecraft:leather":43,"tconstruct:broad_axe":1,"minecraft:red_mushroom":9,"minecraft:birch_planks":2,"minecraft:filled_map":3,"minecraft:oak_log":158,"iceandfire:ectoplasm":17,"minecraft:yellow_bed":7,"minecraft:gunpowder":29,"minecraft:white_banner":2,"minecraft:cooked_mutton":6,"quark:music_disc_crickets":8,"iceandfire:pixie_jar_empty":1,"minecraft:apple":8,"minecraft:stone_bricks":12,"minecraft:kelp":4,"minecraft:iron_ingot":342,"minecraft:stone_pickaxe":14,"minecraft:cobweb":22,"minecraft:iron_ore":737,"tombstone:bag_of_seeds":1,"minecraft:iron_sword":8,"quark:blue_blossom_sapling":1,"minecraft:oak_slab":81,"iceandfire:dragonegg_black":1,"iceandfire:copper_nugget":8,"tconstruct:copper_ore":1,"minecraft:sweet_berries":15,"minecraft:dandelion":3,"minecraft:gravel":239,"minecraft:spruce_sapling":113,"minecraft:white_bed":13,"minecraft:spruce_log":359,"minecraft:gold_ore":91,"artifacts:scarf_of_invisibility":1,"quark:oak_chest":3,"minecraft:spider_eye":22,"mowziesmobs:naga_fang":1,"iceandfire:dragon_flute":3,"minecraft:pumpkin_seeds":2,"minecraft:slime_ball":152,"tetra:geode":32,"iceandfire:silver_sword":16,"minecraft:iron_helmet":8,"minecraft:terracotta":1,"minecraft:baked_potato":137,"tombstone:magic_scroll":9,"farmersdelight:cooked_salmon_slice":5,"minecraft:coal":1623}},"DataVersion":2586}