{"stats":{"minecraft:killed":{"alexsmobs:lobster":1,"minecraft:cave_spider":5,"iceandfire:gorgon":1,"minecraft:cod":2,"minecraft:skeleton":45,"minecraft:chicken":2,"alexsmobs:centipede_head":2,"alexsmobs:straddler":1,"minecraft:magma_cube":21,"minecraft:salmon":5,"minecraft:iron_golem":1,"minecraft:pillager":15,"minecraft:zombie":60,"minecraft:cow":17,"mca:male_zombie_villager":1,"minecraft:vindicator":1,"quark:toretoise":1,"iceandfire:siren":2,"iceandfire:cyclops":1,"minecraft:wandering_trader":1,"iceandfire:ghost":5,"minecraft:enderman":2,"minecraft:zombified_piglin":1,"minecraft:witch":6,"minecraft:spider":18,"minecraft:silverfish":18,"artifacts:mimic":2,"minecraft:wolf":1,"minecraft:piglin":4,"minecraft:pig":1,"alexsmobs:stradpole":3,"minecraft:creeper":6,"minecraft:trader_llama":2,"iceandfire:pixie":1,"alexsmobs:dropbear":1,"minecraft:drowned":3,"quark:foxhound":4,"iceandfire:troll":2},"minecraft:crafted":{"minecraft:oak_sign":3,"iceandfire:silver_shovel":1,"tconstruct:broad_blade":2,"mahoutsukai:dagger":1,"tconstruct:seared_melter":1,"minecraft:glass":93,"tconstruct:broad_axe_head":1,"tconstruct:seared_ingot_tank":1,"tconstruct:pickaxe_head":2,"tconstruct:tough_handle":4,"minecraft:cooked_porkchop":3,"farmersdelight:iron_knife":1,"tconstruct:tool_handle":1,"mahoutsukai:spell_cloth":8,"mahoutsukai:powdered_diamond":1,"quark:oak_chest":7,"minecraft:iron_pickaxe":8,"minecraft:gold_ingot":57,"iceandfire:silver_sword":1,"minecraft:golden_carrot":25,"tconstruct:part_builder":1,"minecraft:jukebox":1,"create:copper_ingot":0,"iceandfire:dragon_flute":1,"tconstruct:seared_basin":1,"minecraft:bone_meal":60,"minecraft:spruce_fence":3,"tconstruct:tinker_station":1,"iceandfire:silver_pile":3,"minecraft:spruce_slab":6,"minecraft:stone_pickaxe":2,"minecraft:spruce_boat":1,"minecraft:redstone_block":10,"quark:spruce_chest":3,"tetra:modular_double":1,"minecraft:coal_block":37,"minecraft:enchanting_table":1,"tconstruct:part_chest":1,"mcwbridges:bridge_torch":2,"tconstruct:seared_heater":2,"mahoutsukai:mahoujin_projector":1,"mcwfurnitures:spruce_counter":1,"minecraft:iron_shovel":3,"minecraft:iron_leggings":2,"mcwfurnitures:spruce_chair":1,"tconstruct:grout":360,"minecraft:oak_planks":368,"minecraft:barrel":1,"minecraft:cooked_chicken":2,"tconstruct:tool_binding":2,"minecraft:bow":3,"minecraft:iron_boots":3,"tconstruct:broad_axe":4,"tconstruct:seared_brick":228,"mahoutsukai:hammer":1,"minecraft:golden_boots":1,"minecraft:smoker":1,"minecraft:item_frame":1,"minecraft:oak_slab":36,"sophisticatedbackpacks:backpack":3,"minecraft:crafting_table":5,"iceandfire:blindfold":1,"minecraft:spruce_planks":312,"minecraft:baked_potato":196,"minecraft:wooden_pickaxe":1,"minecraft:iron_helmet":3,"farmersdelight:cutting_board":1,"minecraft:book":1,"minecraft:iron_chestplate":3,"minecraft:paper":6,"minecraft:diamond_pickaxe":3,"minecraft:purple_dye":2,"minecraft:shield":1,"minecraft:stick":360,"minecraft:iron_ingot":238,"minecraft:stone_sword":1,"minecraft:snow_block":63,"tconstruct:seared_bricks":66,"tconstruct:seared_fuel_gauge":1,"tconstruct:pattern":15,"mahoutsukai:guidebook":1,"minecraft:furnace":3,"mahoutsukai:attuner":1,"minecraft:iron_axe":4,"minecraft:iron_hoe":1,"tconstruct:seared_table":1,"mahoutsukai:powdered_gold":6,"minecraft:cooked_beef":34,"minecraft:red_dye":9,"minecraft:cooked_cod":2,"iceandfire:copper_ingot":0,"alexsmobs:cooked_lobster_tail":1,"minecraft:iron_sword":2,"minecraft:cooked_salmon":5,"minecraft:bucket":2,"minecraft:stone_axe":1,"tconstruct:seared_drain":1,"tconstruct:sky_congealed_slime":7,"minecraft:air":0,"minecraft:blue_dye":2,"minecraft:oak_boat":2,"minecraft:white_wool":2,"minecraft:gold_nugget":216,"tconstruct:crafting_station":1,"tconstruct:seared_faucet":2,"minecraft:torch":1056,"mca:wedding_ring":1,"minecraft:clay":57},"minecraft:broken":{"minecraft:iron_boots":1,"minecraft:iron_chestplate":1,"minecraft:iron_leggings":1,"minecraft:diamond_pickaxe":1,"minecraft:iron_sword":1,"quark:forgotten_hat":1,"minecraft:bow":1,"minecraft:iron_pickaxe":5,"minecraft:iron_helmet":1,"minecraft:iron_shovel":2,"minecraft:stone_pickaxe":1,"minecraft:stone_axe":1},"minecraft:dropped":{"farmersdelight:iron_knife":1,"minecraft:iron_sword":2,"minecraft:acacia_wood":59,"minecraft:cooked_beef":4,"quark:gold_bars":4,"minecraft:glass_bottle":8,"quark:limestone":4,"minecraft:rail":7,"minecraft:item_frame":1,"minecraft:gold_block":2,"minecraft:dirt":13,"quark:cobbled_deepslate":281,"minecraft:gold_nugget":63,"minecraft:bone_meal":46,"minecraft:sand":5,"minecraft:sugar":1,"minecraft:bone":13,"minecraft:birch_sapling":2,"minecraft:wheat":14,"minecraft:rotten_flesh":65,"minecraft:golden_shovel":1,"evilcraft:flesh_humanoid":2,"iceandfire:shiny_scales":11,"alexsmobs:lobster_bucket":2,"minecraft:tipped_arrow":1,"create:scoria":1,"minecraft:leather_boots":2,"mahoutsukai:powdered_diamond":2,"tconstruct:seared_faucet":1,"iceandfire:manuscript":17,"minecraft:egg":2,"minecraft:enchanted_book":1,"minecraft:iron_ingot":56,"minecraft:wheat_seeds":14,"minecraft:prismarine_crystals":3,"minecraft:iron_helmet":1,"minecraft:feather":2,"minecraft:cobblestone":197,"minecraft:granite":1,"minecraft:chainmail_helmet":1,"minecraft:coal":3,"iceandfire:copper_nugget":2,"minecraft:smooth_stone":1,"minecraft:string":19,"minecraft:lily_pad":8,"create:limestone_cobblestone":2,"iceandfire:dragon_skull_fire":2,"minecraft:spruce_sapling":1,"iceandfire:silver_nugget":10,"minecraft:furnace":2,"minecraft:soul_soil":6,"minecraft:stone_sword":1,"minecraft:clay_ball":12,"minecraft:iron_boots":3,"sophisticatedbackpacks:backpack":3,"iceandfire:dragon_skull_ice":1,"minecraft:spruce_fence":1,"create:weathered_limestone_cobblestone":17,"minecraft:potato":10,"minecraft:spruce_planks":43,"tconstruct:broad_axe":1,"minecraft:diamond_pickaxe":2,"minecraft:spider_eye":5,"minecraft:sandstone":105,"minecraft:bow":1,"create:gabbro_cobblestone":14,"minecraft:soul_sand":2,"minecraft:oak_log":2,"minecraft:baked_potato":62,"minecraft:dark_oak_sapling":3,"iceandfire:chared_dirt":2,"minecraft:leather":6,"minecraft:honeycomb":6,"minecraft:snowball":16,"farmersdelight:cooked_salmon_slice":5,"minecraft:gold_ingot":1,"tconstruct:pattern":2,"minecraft:blackstone":13,"minecraft:carrot":100,"create:dolomite_cobblestone":26,"create:zinc_ore":8,"tetra:modular_double":1,"minecraft:basalt":57,"minecraft:arrow":3,"artifacts:scarf_of_invisibility":1,"minecraft:netherrack":211,"minecraft:water_bucket":4,"minecraft:poisonous_potato":2,"minecraft:spruce_stairs":1,"minecraft:stick":3,"minecraft:blue_dye":1,"minecraft:torch":3,"iceandfire:silver_sword":3,"iceandfire:dragonegg_white":1,"minecraft:zombie_head":1,"tombstone:grave_dust":5,"minecraft:fire_charge":3,"minecraft:iron_leggings":3,"minecraft:iron_axe":1,"iceandfire:dragonbone":61,"minecraft:polished_diorite":1,"iceandfire:silver_ore":1,"minecraft:filled_map":1,"quark:smooth_basalt":67,"iceandfire:chared_cobblestone":32,"minecraft:iron_chestplate":2,"tombstone:essence_of_undeath":1,"minecraft:spruce_log":34,"minecraft:stone_pickaxe":1},"minecraft:custom":{"minecraft:interact_with_crafting_table":125,"minecraft:open_barrel":39,"minecraft:bell_ring":5,"minecraft:leave_game":24,"minecraft:time_since_death":5428,"minecraft:damage_blocked_by_shield":610,"minecraft:deaths":43,"minecraft:jump":16865,"minecraft:enchant_item":3,"minecraft:interact_with_furnace":137,"minecraft:sleep_in_bed":15,"minecraft:damage_dealt":53630,"tombstone:undead_killed":26,"minecraft:interact_with_smoker":21,"minecraft:interact_with_anvil":3,"minecraft:damage_dealt_absorbed":180,"minecraft:sneak_time":61133,"tombstone:raider_killed":21,"minecraft:time_since_rest":4763,"minecraft:swim_one_cm":195104,"minecraft:fly_one_cm":4164281,"minecraft:open_chest":368,"minecraft:fall_one_cm":478434,"minecraft:sprint_one_cm":1992373,"minecraft:drop":236,"minecraft:talked_to_villager":1,"minecraft:interact_with_brewingstand":1,"minecraft:walk_on_water_one_cm":132938,"minecraft:play_one_minute":1021250,"minecraft:player_kills":2,"minecraft:crouch_one_cm":132172,"minecraft:mob_kills":289,"minecraft:damage_dealt_resisted":296,"minecraft:climb_one_cm":14425,"minecraft:walk_one_cm":1770702,"minecraft:walk_under_water_one_cm":141883,"minecraft:boat_one_cm":118162,"minecraft:damage_taken":2147483647,"minecraft:trigger_trapped_chest":5},"minecraft:used":{"mahoutsukai:mahoujin_projector":7,"quark:cobbled_deepslate":226,"minecraft:spruce_slab":4,"minecraft:poppy":1,"mcwfurnitures:spruce_counter":1,"minecraft:rotten_flesh":10,"minecraft:spruce_boat":1,"minecraft:lava_bucket":1,"tconstruct:seared_faucet":4,"create:zinc_ore":1,"tconstruct:tinkers_anvil":1,"minecraft:bow":37,"iceandfire:chared_stone":2,"minecraft:sweet_berries":34,"minecraft:furnace":6,"minecraft:oak_sapling":10,"minecraft:potato":57,"minecraft:mossy_stone_bricks":1,"minecraft:damaged_anvil":1,"minecraft:wooden_pickaxe":3,"minecraft:clay":1,"minecraft:sand":7,"tetra:modular_double":1,"tconstruct:seared_ingot_tank":3,"minecraft:diamond_sword":127,"minecraft:oak_boat":12,"minecraft:enchanting_table":1,"minecraft:stone_sword":78,"iceandfire:silver_sword":344,"minecraft:netherrack":305,"minecraft:torch":953,"tconstruct:seared_drain":1,"minecraft:brewing_stand":1,"tetra:scroll_rolled":8,"minecraft:polished_diorite":2,"tconstruct:seared_heater":2,"mcwfurnitures:spruce_chair":1,"minecraft:iron_axe":386,"carryon:entity_item":4,"minecraft:barrel":1,"minecraft:basalt":25,"create:dolomite_cobblestone":12,"tombstone:gift":4,"minecraft:wheat_seeds":2,"farmersdelight:iron_knife":12,"minecraft:water_bucket":64,"minecraft:gold_ore":2,"iceandfire:chared_dirt":4,"minecraft:oak_slab":37,"minecraft:crafting_table":13,"create:weathered_limestone_cobblestone":2,"minecraft:spruce_log":1,"minecraft:oak_log":29,"minecraft:diamond_pickaxe":2002,"tconstruct:seared_table":5,"minecraft:iron_pickaxe":1642,"tconstruct:part_chest":1,"tombstone:magic_scroll":1,"minecraft:spruce_sapling":30,"minecraft:cobblestone":258,"tconstruct:seared_melter":2,"create:gabbro_cobblestone":16,"minecraft:cooked_porkchop":3,"quark:oak_chest":6,"minecraft:jukebox":1,"minecraft:iron_shovel":577,"minecraft:oak_sign":2,"minecraft:shield":40,"minecraft:iron_sword":494,"farmersdelight:cooked_cod_slice":4,"minecraft:carrot":108,"minecraft:obsidian":10,"minecraft:honey_bottle":12,"alexsmobs:cooked_lobster_tail":1,"quark:smooth_basalt":8,"minecraft:item_frame":1,"carryon:tile_item":9,"farmersdelight:cutting_board":1,"tconstruct:smeltery_controller":1,"minecraft:stone_pickaxe":158,"minecraft:oak_planks":203,"minecraft:ender_pearl":1,"minecraft:sandstone":1,"minecraft:sugar_cane":17,"minecraft:bread":28,"tombstone:grave_key":7,"minecraft:gravel":6,"iceandfire:dragon_skull_fire":1,"tconstruct:crafting_station":2,"iceandfire:troll_weapon_column_forest":4,"minecraft:bone_meal":22,"mahoutsukai:spell_cloth":7,"minecraft:flint_and_steel":1,"minecraft:spruce_planks":8,"minecraft:cooked_chicken":2,"minecraft:oak_door":1,"minecraft:dirt":89,"tconstruct:seared_bricks":62,"minecraft:granite":2,"minecraft:iron_hoe":84,"farmersdelight:cooked_salmon_slice":5,"tconstruct:tinker_station":1,"minecraft:golden_carrot":25,"iceandfire:silver_pile":1,"minecraft:wolf_spawn_egg":1,"alexsmobs:lobster_bucket":2,"minecraft:cooked_beef":26,"tconstruct:part_builder":1,"minecraft:baked_potato":135,"farmersdelight:onion":5,"tconstruct:seared_basin":6,"minecraft:smoker":1,"minecraft:apple":1,"mcwbridges:bridge_torch":2,"quark:root_item":13,"minecraft:stone_axe":114,"create:limestone_cobblestone":7,"iceandfire:chared_gravel":1,"minecraft:bucket":76,"minecraft:yellow_bed":4,"alexsmobs:animal_dictionary":1,"iceandfire:silver_shovel":176},"minecraft:killed_by":{"alexsmobs:straddler":5,"minecraft:magma_cube":1,"minecraft:vindicator":4,"minecraft:zombie":2,"mowziesmobs:naga":1,"iceandfire:cyclops":1,"minecraft:creeper":2,"minecraft:piglin":2,"minecraft:cave_spider":1,"artifacts:mimic":2,"minecraft:witch":4,"iceandfire:fire_dragon":1,"minecraft:player":5,"minecraft:enderman":1,"iceandfire:gorgon":2,"minecraft:skeleton":4},"minecraft:mined":{"create:dolomite":20,"mahoutsukai:spell_cloth":7,"minecraft:obsidian":41,"minecraft:granite":5,"minecraft:stone_brick_wall":1,"minecraft:hopper":4,"minecraft:spawner":1,"minecraft:tall_seagrass":4,"minecraft:fire":19,"tconstruct:cobalt_ore":35,"tconstruct:seared_melter":2,"iceandfire:gold_pile":3,"quark:limestone":26,"minecraft:iron_block":1,"create:limestone":1,"farmersdelight:wild_potatoes":8,"quark:gold_bars":2,"minecraft:torch":10,"minecraft:sugar_cane":18,"minecraft:damaged_anvil":1,"tconstruct:seared_faucet":3,"minecraft:wheat":1,"minecraft:wither_rose":1,"create:weathered_limestone":19,"minecraft:grass":129,"create:gabbro":27,"create:zinc_ore":5,"iceandfire:silver_ore":5,"tetra:block_geode":8,"farmersdelight:wild_carrots":8,"quark:cobbled_deepslate":18,"minecraft:jungle_planks":1,"minecraft:redstone_ore":56,"minecraft:snow":4,"iceandfire:chared_gravel":1,"minecraft:andesite":3,"quark:smooth_basalt":118,"minecraft:potatoes":17,"minecraft:oak_slab":4,"minecraft:soul_sand":2,"minecraft:dandelion":1,"minecraft:emerald_ore":14,"tconstruct:seared_ingot_tank":2,"minecraft:tall_grass":14,"minecraft:spruce_log":149,"minecraft:birch_leaves":5,"quark:deepslate":557,"iceandfire:silver_pile":3,"minecraft:gravel":224,"minecraft:cobweb":31,"minecraft:gold_ore":48,"minecraft:fern":3,"minecraft:infested_stone":11,"tconstruct:sky_congealed_slime":13,"quark:root":19,"minecraft:spruce_planks":2,"minecraft:brewing_stand":2,"minecraft:grass_block":59,"tetra:forged_crate":1,"minecraft:soul_soil":6,"minecraft:polished_diorite":5,"tconstruct:seared_table":4,"minecraft:smooth_stone":1,"minecraft:glowstone":10,"minecraft:iron_ore":318,"create:copper_ore":14,"minecraft:spruce_slab":4,"iceandfire:chared_cobblestone":6,"minecraft:blackstone":31,"tetra:scroll_rolled":7,"minecraft:clay":59,"minecraft:poppy":10,"quark:stone_speleothem":3,"minecraft:nether_quartz_ore":65,"minecraft:cobblestone":7,"create:gabbro_cobblestone":3,"minecraft:oak_planks":10,"minecraft:wall_torch":11,"minecraft:seagrass":2,"minecraft:oak_log":67,"minecraft:sand":333,"minecraft:dirt":78,"tconstruct:crafting_station":1,"tconstruct:seared_heater":2,"minecraft:netherrack":584,"minecraft:oak_leaves":41,"iceandfire:chared_stone":7,"minecraft:diamond_ore":12,"mahoutsukai:mahoujin_projector":4,"create:natural_scoria":6,"iceandfire:chared_dirt":6,"minecraft:spruce_leaves":181,"minecraft:sandstone":110,"minecraft:large_fern":3,"minecraft:furnace":4,"minecraft:carrots":21,"iceandfire:copper_ore":4,"minecraft:gold_block":1,"minecraft:bookshelf":22,"minecraft:stone":795,"minecraft:snow_block":63,"minecraft:basalt":133,"minecraft:crafting_table":9,"tconstruct:seared_basin":5,"minecraft:lapis_ore":17,"minecraft:spruce_stairs":1,"minecraft:birch_planks":1,"minecraft:sweet_berry_bush":11,"minecraft:yellow_bed":4,"minecraft:grass_path":1,"minecraft:coal_ore":554,"quark:monster_box":3,"minecraft:mossy_stone_bricks":1},"minecraft:picked_up":{"minecraft:iron_chestplate":14,"iceandfire:copper_ore":6,"minecraft:lead":2,"minecraft:wither_rose":1,"minecraft:enchanted_book":1,"minecraft:golden_shovel":1,"create:limestone_cobblestone":29,"minecraft:brewing_stand":2,"iceandfire:manuscript":52,"minecraft:string":123,"minecraft:soul_soil":6,"tconstruct:ingot_cast":1,"minecraft:gold_nugget":247,"minecraft:spruce_planks":17,"quark:root_item":31,"mahoutsukai:hammer":1,"mca:wedding_ring":1,"iceandfire:silver_ore":4,"tconstruct:seared_faucet":3,"alexsmobs:centipede_leg":2,"minecraft:stone_sword":1,"create:scoria":5,"minecraft:iron_block":1,"minecraft:snowball":268,"alexsmobs:lobster_tail":1,"minecraft:birch_log":5,"minecraft:feather":2,"minecraft:cooked_beef":8,"minecraft:water_bucket":13,"minecraft:flint":20,"tetra:forged_bolt":1,"minecraft:lantern":1,"tetra:scroll_rolled":7,"tconstruct:seared_table":4,"minecraft:glowstone_dust":33,"iceandfire:dragon_skull_fire":6,"iceandfire:shiny_scales":11,"minecraft:stripped_spruce_log":8,"minecraft:dark_oak_log":6,"alexsmobs:animal_dictionary":2,"iceandfire:chared_cobblestone":96,"quark:cobbled_deepslate":581,"minecraft:iron_hoe":5,"minecraft:granite":10,"minecraft:chainmail_helmet":3,"mahoutsukai:guidebook":1,"iceandfire:gorgon_head":2,"minecraft:diamond_pickaxe":3,"minecraft:crafting_table":9,"minecraft:clay_ball":276,"tconstruct:materials_and_you":1,"minecraft:iron_shovel":12,"iceandfire:bestiary":2,"minecraft:beef":55,"minecraft:poppy":25,"minecraft:spruce_slab":8,"minecraft:birch_sapling":2,"minecraft:egg":4,"minecraft:sandstone":113,"minecraft:oak_door":1,"sophisticatedbackpacks:backpack":2,"minecraft:spruce_fence":1,"minecraft:fire_charge":3,"minecraft:carrot":287,"minecraft:redstone":487,"mahoutsukai:powdered_diamond":2,"minecraft:prismarine_crystals":6,"iceandfire:dragon_skull_ice":1,"tconstruct:sky_slime_ball":52,"tombstone:essence_of_undeath":1,"minecraft:gold_ingot":2,"minecraft:mutton":2,"minecraft:rail":7,"minecraft:stripped_oak_log":1,"minecraft:acacia_wood":59,"minecraft:filled_map":2,"create:weathered_limestone_cobblestone":23,"minecraft:oak_log":77,"minecraft:lily_pad":12,"minecraft:golden_boots":2,"quark:limestone":24,"tconstruct:seared_heater":2,"minecraft:iron_ore":354,"minecraft:glass_bottle":2,"minecraft:iron_sword":19,"iceandfire:chared_stone":33,"iceandfire:copper_nugget":2,"minecraft:sweet_berries":49,"minecraft:gravel":238,"minecraft:spruce_sapling":31,"minecraft:spruce_log":223,"iceandfire:dragon_flute":1,"minecraft:stone_axe":2,"tetra:geode":7,"minecraft:polished_diorite":5,"iceandfire:silver_sword":4,"tconstruct:cobalt_ore":35,"tconstruct:seared_melter":2,"minecraft:baked_potato":112,"minecraft:hopper":3,"farmersdelight:cooked_salmon_slice":16,"minecraft:ender_pearl":8,"minecraft:wheat":14,"create:dolomite_cobblestone":76,"tconstruct:pickaxe_head_cast":1,"minecraft:iron_leggings":15,"mahoutsukai:spell_cloth":3,"minecraft:zombie_head":4,"alexsmobs:dropbear_claw":1,"minecraft:smooth_stone":1,"minecraft:bucket":5,"minecraft:iron_pickaxe":16,"minecraft:iron_boots":11,"minecraft:furnace":8,"iceandfire:pixie_dust":2,"minecraft:stick":44,"minecraft:torch":445,"minecraft:spruce_stairs":2,"alexsmobs:lobster_bucket":2,"tconstruct:tough_handle":1,"minecraft:porkchop":3,"tombstone:grave_dust":4,"iceandfire:troll_weapon_column_forest":1,"minecraft:rotten_flesh":102,"farmersdelight:tree_bark":9,"minecraft:obsidian":53,"minecraft:cod":2,"minecraft:cobblestone":868,"tconstruct:seared_bricks":1,"minecraft:magma_cream":4,"minecraft:andesite":229,"minecraft:potato":261,"tconstruct:pickaxe_head":1,"create:gabbro_cobblestone":84,"minecraft:dirt":155,"minecraft:lapis_lazuli":191,"minecraft:name_tag":1,"minecraft:leather_boots":2,"minecraft:bone":81,"create:copper_ore":20,"farmersdelight:iron_knife":3,"minecraft:bow":16,"minecraft:wheat_seeds":104,"minecraft:mossy_stone_bricks":1,"minecraft:oak_planks":51,"tetra:modular_double":1,"minecraft:poisonous_potato":4,"mahoutsukai:mahoujin_projector":8,"minecraft:sand":341,"minecraft:jungle_planks":1,"minecraft:grass_block":1,"quark:gold_bars":6,"tconstruct:seared_ingot_tank":2,"minecraft:sugar":1,"minecraft:clay":41,"minecraft:diamond":15,"tconstruct:seared_basin":5,"mahoutsukai:dagger":1,"minecraft:bone_meal":8,"minecraft:emerald":28,"minecraft:oak_sapling":15,"minecraft:netherrack":591,"iceandfire:silver_nugget":36,"minecraft:fishing_rod":1,"tconstruct:crafting_station":1,"minecraft:chicken":3,"minecraft:ladder":2,"minecraft:wooden_pickaxe":2,"mca:book_rose_gold":3,"minecraft:gold_block":1,"minecraft:iron_axe":11,"minecraft:item_frame":1,"minecraft:blackstone":31,"minecraft:oak_boat":12,"create:zinc_ore":21,"minecraft:sugar_cane":43,"minecraft:dark_oak_sapling":3,"iceandfire:dragonbone":197,"iceandfire:troll_tusk":1,"farmersdelight:cooked_cod_slice":4,"iceandfire:blindfold":1,"iceandfire:silver_ingot":7,"minecraft:arrow":82,"iceandfire:cyclops_eye":1,"quark:smooth_basalt":85,"iceandfire:chared_dirt":8,"artifacts:cross_necklace":3,"minecraft:basalt":131,"minecraft:salmon":5,"minecraft:leather":63,"minecraft:birch_planks":1,"iceandfire:ectoplasm":8,"minecraft:yellow_bed":4,"minecraft:gunpowder":24,"mca:book_romance":2,"quark:forgotten_hat":1,"minecraft:heart_of_the_sea":1,"minecraft:iron_ingot":30,"quark:tallow":2,"minecraft:stripped_oak_wood":50,"minecraft:soul_sand":2,"minecraft:book":66,"minecraft:oak_slab":7,"minecraft:quartz":65,"minecraft:dandelion":1,"minecraft:gold_ore":88,"artifacts:scarf_of_invisibility":1,"minecraft:spider_eye":17,"minecraft:iron_helmet":13,"tombstone:magic_scroll":1,"minecraft:damaged_anvil":1,"minecraft:coal":871,"iceandfire:chared_gravel":1}},"DataVersion":2586}