{"stats":{"minecraft:killed":{"alexsmobs:raccoon":1,"minecraft:spider":2,"minecraft:chicken":6,"minecraft:pig":1,"minecraft:sheep":5,"minecraft:pillager":1,"minecraft:zombie":13,"mca:female_villager":1},"minecraft:crafted":{"minecraft:wooden_sword":4,"minecraft:oak_door":3,"minecraft:oak_planks":238,"minecraft:stone_shovel":9,"quark:vertical_birch_planks":2,"create:copper_ingot":43,"minecraft:cooked_chicken":6,"minecraft:furnace":3,"quark:birch_ladder":34,"minecraft:cooked_mutton":7,"minecraft:stone_pickaxe":20,"minecraft:stone_hoe":1,"tetra:modular_double":1,"iceandfire:copper_ingot":9,"minecraft:cooked_porkchop":1,"minecraft:crafting_table":2,"minecraft:wooden_pickaxe":14,"minecraft:iron_sword":1,"minecraft:birch_planks":156,"minecraft:stone_axe":1,"quark:oak_chest":5,"minecraft:stick":274,"minecraft:iron_ingot":98,"minecraft:iron_pickaxe":4,"minecraft:stone_sword":3,"minecraft:gold_ingot":10,"mca:wedding_ring":1,"create:zinc_ingot":2},"minecraft:broken":{"minecraft:wooden_pickaxe":14,"minecraft:stone_pickaxe":9,"minecraft:wooden_sword":1,"minecraft:stone_axe":1,"minecraft:iron_pickaxe":4,"minecraft:golden_pickaxe":1,"minecraft:stone_shovel":11},"minecraft:dropped":{"minecraft:stone_hoe":1,"minecraft:bread":1,"minecraft:brown_mushroom":2,"minecraft:wheat_seeds":15,"minecraft:oak_log":10,"minecraft:baked_potato":2,"minecraft:diamond":10,"quark:marble":1,"iceandfire:hydra_arrow":1,"minecraft:oak_fence":2,"minecraft:feather":2,"minecraft:cobblestone":149,"minecraft:apple":5,"minecraft:rail":18,"minecraft:coal":66,"farmersdelight:rice":6,"minecraft:cobweb":38,"minecraft:dirt":782,"minecraft:torch":4,"minecraft:cornflower":1,"minecraft:rose_bush":2,"minecraft:snowball":55,"minecraft:oak_stairs":1,"minecraft:iron_axe":2,"minecraft:string":1,"minecraft:lily_pad":9,"minecraft:blue_bed":1,"minecraft:bone":1,"minecraft:dandelion":7,"quark:tallow":2,"minecraft:detector_rail":3,"tconstruct:skyroot_log":39,"minecraft:birch_sapling":1,"minecraft:rotten_flesh":26,"iceandfire:silver_ore":17,"minecraft:white_bed":1,"evilcraft:flesh_humanoid":1,"minecraft:carrot":11,"minecraft:poppy":6,"minecraft:andesite":215,"minecraft:oak_sapling":22,"minecraft:chainmail_boots":2,"minecraft:spruce_log":77,"minecraft:iron_ore":77,"minecraft:arrow":1,"minecraft:stone_pickaxe":2},"minecraft:custom":{"minecraft:mob_kills":44,"minecraft:animals_bred":7,"minecraft:interact_with_crafting_table":26,"minecraft:open_barrel":3,"minecraft:bell_ring":1,"minecraft:leave_game":20,"minecraft:time_since_death":42637,"minecraft:climb_one_cm":1339,"minecraft:sprint_one_cm":1877470,"minecraft:walk_one_cm":2282789,"minecraft:drop":769,"minecraft:sneak_time":4721,"minecraft:deaths":21,"minecraft:walk_under_water_one_cm":17574,"minecraft:jump":5120,"minecraft:walk_on_water_one_cm":80335,"minecraft:interact_with_furnace":69,"tombstone:raider_killed":1,"minecraft:play_one_minute":889711,"minecraft:sleep_in_bed":31,"minecraft:time_since_rest":40786,"minecraft:damage_taken":9552,"minecraft:damage_dealt":6317,"minecraft:swim_one_cm":9852,"minecraft:fly_one_cm":370203,"minecraft:open_chest":95,"minecraft:crouch_one_cm":10842,"tombstone:undead_killed":1,"tombstone:villager_killed":1,"minecraft:fall_one_cm":54986,"minecraft:horse_one_cm":2680},"minecraft:used":{"minecraft:stone_sword":101,"iceandfire:silver_sword":94,"minecraft:stone_shovel":1441,"minecraft:rotten_flesh":6,"minecraft:iron_sword":43,"minecraft:oak_door":3,"minecraft:torch":25,"minecraft:dirt":396,"minecraft:carrot":60,"iceandfire:dragonegg_blue":2,"minecraft:iron_axe":132,"farmersdelight:cooked_salmon_slice":5,"minecraft:sweet_berries":104,"minecraft:furnace":3,"tombstone:gift":4,"minecraft:potato":14,"minecraft:cooked_mutton":1,"minecraft:birch_planks":119,"minecraft:stone_pickaxe":1345,"minecraft:baked_potato":11,"minecraft:brown_mushroom":1,"minecraft:blue_bed":2,"minecraft:wooden_pickaxe":815,"minecraft:golden_apple":1,"farmersdelight:onion":4,"tetra:modular_double":1,"minecraft:crafting_table":4,"iceandfire:dragonegg_white":1,"minecraft:white_bed":10,"minecraft:apple":8,"minecraft:spruce_sapling":14,"minecraft:bread":44,"minecraft:iron_pickaxe":1177,"minecraft:stone_axe":156,"minecraft:cobblestone":108,"minecraft:wooden_sword":127,"minecraft:yellow_bed":2,"quark:oak_chest":2,"minecraft:golden_pickaxe":38,"minecraft:bone_meal":2},"minecraft:killed_by":{"minecraft:player":5,"minecraft:creeper":3,"mowziesmobs:ferrous_wroughtnaut":1,"iceandfire:ice_dragon":1,"minecraft:skeleton":4,"minecraft:witch":1,"minecraft:zombie":2,"alexsmobs:moose":1,"iceandfire:troll":1},"minecraft:mined":{"create:zinc_ore":2,"minecraft:diamond_ore":9,"minecraft:white_bed":14,"iceandfire:silver_ore":11,"minecraft:oak_door":2,"tetra:block_geode":5,"iceandfire:frozen_cobblestone":1,"quark:blue_blossom_leaves":12,"quark:cobbled_deepslate":2,"iceandfire:frozen_stone":1,"minecraft:grass_block":804,"sophisticatedbackpacks:iron_backpack":2,"minecraft:spruce_leaves":296,"minecraft:redstone_ore":28,"minecraft:spruce_sapling":1,"minecraft:carrots":20,"iceandfire:copper_ore":19,"minecraft:iron_ore":211,"minecraft:snow":113,"minecraft:andesite":304,"create:copper_ore":48,"quark:smooth_basalt":10,"minecraft:potatoes":2,"minecraft:oak_sign":1,"minecraft:oak_stairs":1,"minecraft:lantern":2,"minecraft:stone":974,"minecraft:brown_mushroom":1,"minecraft:dandelion":2,"minecraft:clay":6,"minecraft:oak_fence":7,"minecraft:cornflower":1,"minecraft:torch":5,"iceandfire:dragon_ice_spikes":2,"minecraft:crafting_table":2,"minecraft:poppy":3,"quark:stone_speleothem":1,"minecraft:rose_bush":2,"minecraft:tall_grass":6,"minecraft:cobblestone":16,"minecraft:lapis_ore":3,"minecraft:oak_planks":9,"minecraft:blue_bed":3,"minecraft:wall_torch":7,"tconstruct:sky_slime_leaves":2,"minecraft:birch_planks":25,"minecraft:tnt":36,"minecraft:ice":36,"minecraft:birch_log":52,"minecraft:wheat":1,"quark:marble":8,"minecraft:sweet_berry_bush":24,"minecraft:spruce_log":109,"minecraft:birch_leaves":29,"tconstruct:skyroot_log":13,"quark:deepslate":276,"minecraft:yellow_bed":2,"quark:slate":7,"minecraft:grass":87,"minecraft:coal_ore":362,"minecraft:oak_log":120,"minecraft:gravel":45,"minecraft:dirt":983,"minecraft:gold_ore":12,"minecraft:oak_leaves":157,"minecraft:fern":1,"quark:root":2},"minecraft:picked_up":{"iceandfire:copper_ingot":2,"minecraft:fishing_rod":1,"minecraft:crafting_table":3,"minecraft:wheat":1,"minecraft:chainmail_boots":2,"minecraft:chicken":6,"minecraft:clay_ball":114,"iceandfire:copper_ore":18,"minecraft:golden_pickaxe":1,"minecraft:brown_mushroom":9,"minecraft:wooden_pickaxe":4,"tconstruct:skyroot_log":39,"minecraft:oak_stairs":1,"mca:book_rose_gold":2,"minecraft:gold_block":2,"minecraft:shield":1,"minecraft:cornflower":1,"minecraft:string":81,"minecraft:cooked_salmon":3,"iceandfire:frozen_stone":10,"minecraft:iron_axe":2,"minecraft:oak_sign":1,"minecraft:gold_nugget":18,"minecraft:spruce_planks":48,"minecraft:beef":6,"minecraft:rose_bush":2,"create:zinc_ore":2,"minecraft:iron_pickaxe":20,"minecraft:poppy":7,"quark:root_item":10,"minecraft:birch_sapling":1,"minecraft:iron_boots":2,"iceandfire:ice_dragon_heart":1,"minecraft:egg":6,"minecraft:stick":81,"minecraft:oak_door":2,"minecraft:oak_fence":7,"minecraft:torch":390,"iceandfire:silver_ore":23,"minecraft:porkchop":1,"tombstone:grave_dust":1,"minecraft:carrot":51,"minecraft:redstone":452,"minecraft:tnt":5,"tconstruct:sky_slime_ball":64,"minecraft:stone_sword":7,"minecraft:arrow":29,"minecraft:stone_shovel":2,"minecraft:rotten_flesh":148,"quark:smooth_basalt":20,"iceandfire:dragonscales_silver":52,"artifacts:cross_necklace":1,"minecraft:gold_ingot":1,"minecraft:mutton":10,"minecraft:rail":7,"quark:marble":8,"minecraft:snowball":63,"minecraft:white_wool":3,"minecraft:cobblestone":1567,"quark:slate":4,"minecraft:birch_log":49,"minecraft:feather":10,"iceandfire:hydra_arrow":1,"minecraft:water_bucket":5,"minecraft:andesite":553,"minecraft:leather":2,"minecraft:brown_wool":2,"minecraft:smoker":1,"minecraft:potato":7,"minecraft:birch_planks":39,"minecraft:filled_map":1,"minecraft:flint":8,"minecraft:oak_log":122,"minecraft:lily_pad":9,"evilcraft:flesh_humanoid":4,"minecraft:yellow_bed":2,"minecraft:gunpowder":4,"mca:book_romance":1,"minecraft:lapis_lazuli":183,"minecraft:blue_bed":4,"minecraft:dirt":1711,"minecraft:lantern":2,"artifacts:flippers":1,"minecraft:cooked_mutton":6,"minecraft:bone":69,"create:copper_ore":43,"minecraft:apple":5,"quark:music_disc_crickets":1,"minecraft:wheat_seeds":17,"iceandfire:dragon_stick":1,"minecraft:iron_ore":331,"minecraft:stone_pickaxe":14,"minecraft:iron_ingot":53,"quark:tallow":2,"minecraft:cobweb":57,"minecraft:oak_planks":10,"minecraft:iron_sword":6,"tconstruct:copper_ore":1,"minecraft:cooked_porkchop":1,"minecraft:sweet_berries":83,"minecraft:dandelion":16,"minecraft:gravel":176,"sophisticatedbackpacks:iron_backpack":10,"minecraft:spruce_sapling":22,"iceandfire:stymphalian_bird_feather":10,"minecraft:white_bed":12,"minecraft:spruce_log":127,"minecraft:gold_ore":45,"minecraft:spider_eye":2,"iceandfire:frozen_dirt":1,"quark:cobbled_deepslate":604,"minecraft:stone_axe":1,"tetra:geode":14,"minecraft:diamond":21,"iceandfire:silver_sword":6,"iceandfire:dragonegg_blue":2,"minecraft:crossbow":1,"minecraft:bone_meal":2,"minecraft:golden_apple":1,"minecraft:gray_wool":1,"iceandfire:ice_dragon_flesh":9,"minecraft:bread":54,"minecraft:baked_potato":25,"minecraft:oak_sapling":20,"iceandfire:silver_nugget":10,"minecraft:coal":876,"iceandfire:dragonegg_white":1}},"DataVersion":2586}