{"stats":{"minecraft:killed":{"minecraft:sheep":4,"minecraft:skeleton":2},"minecraft:crafted":{"minecraft:oak_planks":20,"minecraft:wooden_pickaxe":1,"minecraft:baked_potato":42,"minecraft:blue_bed":1,"minecraft:stone_axe":1,"minecraft:blue_dye":4,"minecraft:yellow_dye":1,"minecraft:stick":16,"minecraft:stone_pickaxe":3,"minecraft:blue_wool":3,"minecraft:torch":24},"minecraft:dropped":{"minecraft:stone_axe":1,"minecraft:porkchop":1,"minecraft:baked_potato":10,"alexsmobs:animal_dictionary":1,"minecraft:gray_wool":1,"tconstruct:materials_and_you":1,"minecraft:arrow":3,"iceandfire:dragonbone":1},"minecraft:broken":{"minecraft:stone_pickaxe":2,"minecraft:wooden_pickaxe":1},"minecraft:used":{"minecraft:stone_pickaxe":288,"minecraft:baked_potato":16,"minecraft:wooden_pickaxe":57,"minecraft:blue_bed":2,"minecraft:torch":25,"minecraft:crafting_table":4,"minecraft:stone_axe":143,"minecraft:cobblestone":93,"minecraft:andesite":3,"minecraft:yellow_bed":2,"alexsmobs:animal_dictionary":1,"minecraft:potato":40,"minecraft:cobweb":1},"minecraft:custom":{"minecraft:interact_with_furnace":13,"minecraft:mob_kills":7,"minecraft:animals_bred":1,"minecraft:interact_with_crafting_table":10,"minecraft:play_one_minute":82654,"minecraft:time_since_death":82654,"minecraft:sleep_in_bed":4,"minecraft:time_since_rest":2607,"minecraft:sprint_one_cm":80862,"minecraft:damage_taken":612,"minecraft:walk_one_cm":248612,"minecraft:drop":17,"minecraft:damage_dealt":697,"minecraft:fly_one_cm":96160,"minecraft:open_chest":6,"minecraft:crouch_one_cm":2434,"tombstone:undead_killed":2,"minecraft:sneak_time":814,"minecraft:walk_under_water_one_cm":761,"minecraft:jump":915,"minecraft:walk_on_water_one_cm":8016,"minecraft:fall_one_cm":19966},"minecraft:mined":{"iceandfire:pixie_jar_empty":1,"iceandfire:copper_pile":4,"minecraft:oak_door":1,"minecraft:dandelion":1,"minecraft:crafting_table":5,"minecraft:cornflower":6,"minecraft:torch":7,"minecraft:grass_block":2,"quark:stone_speleothem":1,"minecraft:tall_grass":1,"minecraft:cobblestone":11,"minecraft:oak_planks":2,"minecraft:blue_bed":2,"minecraft:wall_torch":1,"quark:pink_blossom_leaves":26,"minecraft:iron_ore":65,"quark:marble":3,"minecraft:wheat":1,"minecraft:spruce_log":27,"minecraft:andesite":3,"create:copper_ore":3,"minecraft:yellow_bed":2,"minecraft:grass":10,"minecraft:bookshelf":12,"iceandfire:silver_pile":3,"minecraft:coal_ore":129,"minecraft:potatoes":57,"minecraft:oak_log":10,"iceandfire:gold_pile":3,"minecraft:dirt":10,"minecraft:stone":124,"minecraft:oak_leaves":6},"minecraft:picked_up":{"minecraft:crafting_table":5,"minecraft:wheat":1,"minecraft:andesite":3,"tconstruct:materials_and_you":1,"minecraft:potato":97,"mca:book_rose_gold":1,"minecraft:oak_log":10,"minecraft:yellow_bed":2,"minecraft:blue_bed":2,"minecraft:cornflower":5,"minecraft:dirt":14,"minecraft:bone":4,"create:copper_ore":3,"iceandfire:pixie_jar_empty":1,"minecraft:wheat_seeds":2,"minecraft:gold_nugget":18,"minecraft:iron_ore":65,"minecraft:oak_planks":2,"minecraft:iron_boots":1,"minecraft:book":36,"minecraft:tipped_arrow":1,"iceandfire:copper_nugget":28,"minecraft:oak_door":1,"minecraft:torch":7,"minecraft:dandelion":1,"quark:pink_blossom_sapling":22,"minecraft:porkchop":3,"alexsmobs:animal_dictionary":1,"minecraft:arrow":3,"minecraft:stone_axe":1,"minecraft:baked_potato":2,"minecraft:mutton":9,"iceandfire:silver_nugget":10,"minecraft:coal":129,"quark:marble":3,"minecraft:white_wool":6,"minecraft:cobblestone":138}},"DataVersion":2586}